{
  "experiment": "Exp 9: Pipeline Architecture Comparison",
  "tier": "l",
  "n_days": 30,
  "cycles_per_day": 1,
  "total_cycles": 30,
  "seed": 42,
  "architectures": [
    "linear",
    "skill_only",
    "acceptance",
    "kc_9d",
    "kc_12d"
  ],
  "linear": {
    "gini_final": 0.3042745186726886,
    "total_credits": 5259.7005,
    "avg_balance": 105.19401000000002,
    "avg_reputation": 0.7873199999999998,
    "gini_series": [
      [
        0,
        0.40697999611575053
      ],
      [
        3,
        0.37874080184787995
      ],
      [
        6,
        0.3598135666140827
      ],
      [
        9,
        0.34960811667723524
      ],
      [
        12,
        0.33694404131303446
      ],
      [
        15,
        0.32958991809410526
      ],
      [
        18,
        0.3223963390898333
      ],
      [
        21,
        0.31475336212844823
      ],
      [
        24,
        0.30884428173004685
      ],
      [
        27,
        0.3067975396367147
      ],
      [
        30,
        0.3042745186726886
      ]
    ]
  },
  "skill_only": {
    "gini_final": 0.3043458995928836,
    "total_credits": 5259.7009,
    "avg_balance": 105.194018,
    "avg_reputation": 0.7981199999999999,
    "gini_series": [
      [
        0,
        0.40697999611575053
      ],
      [
        3,
        0.38392410493317913
      ],
      [
        6,
        0.3622882546966872
      ],
      [
        9,
        0.34481927710843374
      ],
      [
        12,
        0.3314119994237144
      ],
      [
        15,
        0.3216174607109091
      ],
      [
        18,
        0.31604242693774703
      ],
      [
        21,
        0.30884949081030477
      ],
      [
        24,
        0.30953634356584403
      ],
      [
        27,
        0.3041369395765633
      ],
      [
        30,
        0.3043458995928836
      ]
    ]
  },
  "acceptance": {
    "gini_final": 0.2888770796813505,
    "total_credits": 5259.7,
    "avg_balance": 105.19400000000002,
    "avg_reputation": 0.8013400000000002,
    "gini_series": [
      [
        0,
        0.40697999611575053
      ],
      [
        3,
        0.36902227355221917
      ],
      [
        6,
        0.3421282088053921
      ],
      [
        9,
        0.32977501585288516
      ],
      [
        12,
        0.32128538102799975
      ],
      [
        15,
        0.30789747382802923
      ],
      [
        18,
        0.3027781421285719
      ],
      [
        21,
        0.3027603391312107
      ],
      [
        24,
        0.29323082729262173
      ],
      [
        27,
        0.28813400311698156
      ],
      [
        30,
        0.2888770796813505
      ]
    ]
  },
  "kc_9d": {
    "gini_final": 0.30246141767080814,
    "total_credits": 5259.7006,
    "avg_balance": 105.194012,
    "avg_reputation": 0.7980399999999999,
    "gini_series": [
      [
        0,
        0.40697999611575053
      ],
      [
        3,
        0.3790655007424519
      ],
      [
        6,
        0.3567858884267891
      ],
      [
        9,
        0.3418790107799621
      ],
      [
        12,
        0.3322529953279908
      ],
      [
        15,
        0.3249282633510207
      ],
      [
        18,
        0.31449875224426943
      ],
      [
        21,
        0.31052209080006893
      ],
      [
        24,
        0.30747032250183004
      ],
      [
        27,
        0.30354930997188445
      ],
      [
        30,
        0.30246141767080814
      ]
    ]
  },
  "kc_12d": {
    "gini_final": 0.2956522459125281,
    "total_credits": 5259.6995,
    "avg_balance": 105.19399000000001,
    "avg_reputation": 0.80026,
    "gini_series": [
      [
        0,
        0.40697999611575053
      ],
      [
        3,
        0.37352186107902957
      ],
      [
        6,
        0.35103226731679343
      ],
      [
        9,
        0.3411961953075457
      ],
      [
        12,
        0.32825957644852477
      ],
      [
        15,
        0.3224403454566685
      ],
      [
        18,
        0.3111713168714378
      ],
      [
        21,
        0.3080348039955218
      ],
      [
        24,
        0.3003196832340078
      ],
      [
        27,
        0.2970623834451427
      ],
      [
        30,
        0.2956522459125281
      ]
    ]
  }
}