{
  "experiment": "Exp 9d: Longitudinal",
  "tier": "m",
  "n_cycles": 180,
  "cycles_per_year": 60,
  "seed": 42,
  "archs": [
    "linear",
    "acceptance",
    "kc_9d",
    "skill_only"
  ],
  "summary": [
    {
      "arch": "linear",
      "gini": 0.4263802563788499,
      "hh_gini": 0.4507414384553711,
      "avg_balance": 160.70011666666667,
      "min_balance": 0.1052,
      "max_age": 71,
      "avg_age": 43.75,
      "elapsed_sec": 17.254018545150757
    },
    {
      "arch": "acceptance",
      "gini": 0.4402763839924907,
      "hh_gini": 0.4774972838468775,
      "avg_balance": 160.70013333333335,
      "min_balance": 0.1052,
      "max_age": 71,
      "avg_age": 43.75,
      "elapsed_sec": 21.486934900283813
    },
    {
      "arch": "kc_9d",
      "gini": 0.5305628651502291,
      "hh_gini": 0.5871128806854214,
      "avg_balance": 160.700125,
      "min_balance": 0.1052,
      "max_age": 71,
      "avg_age": 43.75,
      "elapsed_sec": 23.605449676513672
    },
    {
      "arch": "skill_only",
      "gini": 0.42713290322567254,
      "hh_gini": 0.45142994879681503,
      "avg_balance": 160.700075,
      "min_balance": 0.1052,
      "max_age": 71,
      "avg_age": 43.75,
      "elapsed_sec": 17.8559992313385
    }
  ],
  "gini_trajectory": {
    "linear": [
      [
        0,
        0.48828920570264767
      ],
      [
        18,
        0.39820686775649694
      ],
      [
        36,
        0.41826029209633514
      ],
      [
        54,
        0.42815153718858645
      ],
      [
        72,
        0.4340486165206335
      ],
      [
        90,
        0.4396150332260797
      ],
      [
        108,
        0.44353473521437714
      ],
      [
        126,
        0.4365981724811108
      ],
      [
        144,
        0.42917825928774567
      ],
      [
        162,
        0.4274699248338943
      ],
      [
        180,
        0.4263802563788499
      ]
    ],
    "acceptance": [
      [
        0,
        0.48828920570264767
      ],
      [
        18,
        0.3664965338228193
      ],
      [
        36,
        0.3832958656672676
      ],
      [
        54,
        0.39457455888621834
      ],
      [
        72,
        0.40281249017596654
      ],
      [
        90,
        0.41344124199869753
      ],
      [
        108,
        0.4200777941213425
      ],
      [
        126,
        0.426509885522618
      ],
      [
        144,
        0.43285891059919696
      ],
      [
        162,
        0.4372404629008019
      ],
      [
        180,
        0.4402763839924907
      ]
    ],
    "kc_9d": [
      [
        0,
        0.48828920570264767
      ],
      [
        18,
        0.31834350829771746
      ],
      [
        36,
        0.39560301842783896
      ],
      [
        54,
        0.4390964336789022
      ],
      [
        72,
        0.42690059601422
      ],
      [
        90,
        0.4282020173606286
      ],
      [
        108,
        0.43230158490927434
      ],
      [
        126,
        0.4653807009283627
      ],
      [
        144,
        0.4937808791475567
      ],
      [
        162,
        0.5147428444655227
      ],
      [
        180,
        0.5305628651502291
      ]
    ],
    "skill_only": [
      [
        0,
        0.48828920570264767
      ],
      [
        18,
        0.39820686775649694
      ],
      [
        36,
        0.41826029209633514
      ],
      [
        54,
        0.42815153718858645
      ],
      [
        72,
        0.4340486165206335
      ],
      [
        90,
        0.4396150332260797
      ],
      [
        108,
        0.4424896503605934
      ],
      [
        126,
        0.43998381191497365
      ],
      [
        144,
        0.4309236965050955
      ],
      [
        162,
        0.4285495136854603
      ],
      [
        180,
        0.42713290322567254
      ]
    ]
  }
}