{
  "n_trajectories": 30,
  "seed_base": 0,
  "shots": 4096,
  "device": "GPU",
  "mean_regret_per_trajectory": [
    0.014757738264375004,
    0.014757738264375004,
    0.014757738264375004,
    0.014757738264375004,
    0.014757738264375004,
    0.014757738264375004,
    0.014757738264375004,
    0.014757738264375004,
    0.014757738264375004,
    0.014757738264375004,
    0.014757738264375004,
    0.014757738264375004,
    0.014757738264375004,
    0.014757738264375004,
    0.014757738264375004,
    0.014757738264375004,
    0.014757738264375004,
    0.014757738264375004,
    0.014757738264375004,
    0.014757738264375004,
    0.014757738264375004,
    0.014757738264375004,
    0.014757738264375004,
    0.014757738264375004,
    0.014757738264375004,
    0.014757738264375004,
    0.014757738264375004,
    0.014757738264375004,
    0.014757738264375004,
    0.014757738264375004
  ],
  "per_instance_regrets": [
    [
      0.0,
      0.0,
      0.013797204483483526,
      0.06906565735300918,
      0.0,
      0.035199044278507334,
      0.0,
      0.0
    ],
    [
      0.0,
      0.0,
      0.013797204483483526,
      0.06906565735300918,
      0.0,
      0.035199044278507334,
      0.0,
      0.0
    ],
    [
      0.0,
      0.0,
      0.013797204483483526,
      0.06906565735300918,
      0.0,
      0.035199044278507334,
      0.0,
      0.0
    ],
    [
      0.0,
      0.0,
      0.013797204483483526,
      0.06906565735300918,
      0.0,
      0.035199044278507334,
      0.0,
      0.0
    ],
    [
      0.0,
      0.0,
      0.013797204483483526,
      0.06906565735300918,
      0.0,
      0.035199044278507334,
      0.0,
      0.0
    ],
    [
      0.0,
      0.0,
      0.013797204483483526,
      0.06906565735300918,
      0.0,
      0.035199044278507334,
      0.0,
      0.0
    ],
    [
      0.0,
      0.0,
      0.013797204483483526,
      0.06906565735300918,
      0.0,
      0.035199044278507334,
      0.0,
      0.0
    ],
    [
      0.0,
      0.0,
      0.013797204483483526,
      0.06906565735300918,
      0.0,
      0.035199044278507334,
      0.0,
      0.0
    ],
    [
      0.0,
      0.0,
      0.013797204483483526,
      0.06906565735300918,
      0.0,
      0.035199044278507334,
      0.0,
      0.0
    ],
    [
      0.0,
      0.0,
      0.013797204483483526,
      0.06906565735300918,
      0.0,
      0.035199044278507334,
      0.0,
      0.0
    ],
    [
      0.0,
      0.0,
      0.013797204483483526,
      0.06906565735300918,
      0.0,
      0.035199044278507334,
      0.0,
      0.0
    ],
    [
      0.0,
      0.0,
      0.013797204483483526,
      0.06906565735300918,
      0.0,
      0.035199044278507334,
      0.0,
      0.0
    ],
    [
      0.0,
      0.0,
      0.013797204483483526,
      0.06906565735300918,
      0.0,
      0.035199044278507334,
      0.0,
      0.0
    ],
    [
      0.0,
      0.0,
      0.013797204483483526,
      0.06906565735300918,
      0.0,
      0.035199044278507334,
      0.0,
      0.0
    ],
    [
      0.0,
      0.0,
      0.013797204483483526,
      0.06906565735300918,
      0.0,
      0.035199044278507334,
      0.0,
      0.0
    ],
    [
      0.0,
      0.0,
      0.013797204483483526,
      0.06906565735300918,
      0.0,
      0.035199044278507334,
      0.0,
      0.0
    ],
    [
      0.0,
      0.0,
      0.013797204483483526,
      0.06906565735300918,
      0.0,
      0.035199044278507334,
      0.0,
      0.0
    ],
    [
      0.0,
      0.0,
      0.013797204483483526,
      0.06906565735300918,
      0.0,
      0.035199044278507334,
      0.0,
      0.0
    ],
    [
      0.0,
      0.0,
      0.013797204483483526,
      0.06906565735300918,
      0.0,
      0.035199044278507334,
      0.0,
      0.0
    ],
    [
      0.0,
      0.0,
      0.013797204483483526,
      0.06906565735300918,
      0.0,
      0.035199044278507334,
      0.0,
      0.0
    ],
    [
      0.0,
      0.0,
      0.013797204483483526,
      0.06906565735300918,
      0.0,
      0.035199044278507334,
      0.0,
      0.0
    ],
    [
      0.0,
      0.0,
      0.013797204483483526,
      0.06906565735300918,
      0.0,
      0.035199044278507334,
      0.0,
      0.0
    ],
    [
      0.0,
      0.0,
      0.013797204483483526,
      0.06906565735300918,
      0.0,
      0.035199044278507334,
      0.0,
      0.0
    ],
    [
      0.0,
      0.0,
      0.013797204483483526,
      0.06906565735300918,
      0.0,
      0.035199044278507334,
      0.0,
      0.0
    ],
    [
      0.0,
      0.0,
      0.013797204483483526,
      0.06906565735300918,
      0.0,
      0.035199044278507334,
      0.0,
      0.0
    ],
    [
      0.0,
      0.0,
      0.013797204483483526,
      0.06906565735300918,
      0.0,
      0.035199044278507334,
      0.0,
      0.0
    ],
    [
      0.0,
      0.0,
      0.013797204483483526,
      0.06906565735300918,
      0.0,
      0.035199044278507334,
      0.0,
      0.0
    ],
    [
      0.0,
      0.0,
      0.013797204483483526,
      0.06906565735300918,
      0.0,
      0.035199044278507334,
      0.0,
      0.0
    ],
    [
      0.0,
      0.0,
      0.013797204483483526,
      0.06906565735300918,
      0.0,
      0.035199044278507334,
      0.0,
      0.0
    ],
    [
      0.0,
      0.0,
      0.013797204483483526,
      0.06906565735300918,
      0.0,
      0.035199044278507334,
      0.0,
      0.0
    ]
  ],